{"cameraMode":{"drawMode":0,"name":"Shaded","section":"Shading Mode"},"sceneLighting":false,"audioPlay":false,"sceneViewState":{"m_AlwaysRefresh":false,"showFog":true,"showSkybox":false,"showFlares":true,"showImageEffects":true,"showParticleSystems":true,"showVisualEffectGraphs":true,"m_FxEnabled":true},"in2DMode":false,"pivot":{"x":-0.975263774394989,"y":0.4817408323287964,"z":0.015157610177993775},"rotation":{"x":0.0033573859836906196,"y":0.996486246585846,"z":-0.06736515462398529,"w":0.04966217651963234},"size":0.9400079250335693,"orthographic":false}