{"cameraMode":{"drawMode":0,"name":"Shaded","section":"Shading Mode"},"sceneLighting":false,"audioPlay":false,"sceneViewState":{"m_AlwaysRefresh":false,"showFog":true,"showSkybox":false,"showFlares":true,"showImageEffects":true,"showParticleSystems":true,"showVisualEffectGraphs":true,"m_FxEnabled":true},"in2DMode":false,"pivot":{"x":-0.1428338885307312,"y":1.1976184844970704,"z":-2.5209226608276369},"rotation":{"x":0.09452773630619049,"y":0.1649693250656128,"z":-0.015884948894381524,"w":0.9816346168518066},"size":1.510754108428955,"orthographic":false}