{"cameraMode":{"drawMode":0,"name":"Shaded","section":"Shading Mode"},"sceneLighting":true,"audioPlay":false,"sceneViewState":{"m_AlwaysRefresh":false,"showFog":true,"showSkybox":true,"showFlares":true,"showImageEffects":true,"showParticleSystems":true,"showVisualEffectGraphs":true,"m_FxEnabled":true},"in2DMode":false,"pivot":{"x":229.51455688476563,"y":110.31985473632813,"z":-2.2105178833007814},"rotation":{"x":0.015000726096332074,"y":0.000906622561160475,"z":0.000011581822946027387,"w":-0.999923825263977},"size":137.36660766601563,"orthographic":true}