{"cameraMode":{"drawMode":0,"name":"Shaded","section":"Shading Mode"},"sceneLighting":true,"audioPlay":false,"sceneViewState":{"m_AlwaysRefresh":false,"showFog":true,"showSkybox":true,"showFlares":true,"showImageEffects":true,"showParticleSystems":true,"showVisualEffectGraphs":true,"m_FxEnabled":true},"in2DMode":false,"pivot":{"x":187.4745635986328,"y":111.09773254394531,"z":-4.113624572753906},"rotation":{"x":0.015000726096332074,"y":0.000906622561160475,"z":0.000011581822946027387,"w":-0.999923825263977},"size":131.68692016601563,"orthographic":true}