{"cameraMode":{"drawMode":0,"name":"Shaded","section":"Shading Mode"},"sceneLighting":true,"audioPlay":false,"sceneViewState":{"m_AlwaysRefresh":false,"showFog":true,"showSkybox":true,"showFlares":true,"showImageEffects":true,"showParticleSystems":true,"showVisualEffectGraphs":true,"m_FxEnabled":true},"in2DMode":false,"pivot":{"x":160.61981201171876,"y":119.6099853515625,"z":-1.1865921020507813},"rotation":{"x":0.015000726096332074,"y":0.000906622561160475,"z":0.000011581822946027387,"w":-0.999923825263977},"size":119.18040466308594,"orthographic":true}