{"cameraMode":{"drawMode":0,"name":"Shaded","section":"Shading Mode"},"sceneLighting":true,"audioPlay":false,"sceneViewState":{"m_AlwaysRefresh":false,"showFog":true,"showSkybox":true,"showFlares":true,"showImageEffects":true,"showParticleSystems":true,"showVisualEffectGraphs":true,"m_FxEnabled":true},"in2DMode":false,"pivot":{"x":178.26895141601563,"y":97.24874877929688,"z":-1.3844680786132813},"rotation":{"x":0.015000726096332074,"y":0.000906622561160475,"z":0.000011581822946027387,"w":-0.999923825263977},"size":130.27490234375,"orthographic":true}