{"cameraMode":{"drawMode":0,"name":"Shaded","section":"Shading Mode"},"sceneLighting":true,"audioPlay":false,"sceneViewState":{"m_AlwaysRefresh":false,"showFog":true,"showSkybox":true,"showFlares":true,"showImageEffects":true,"showParticleSystems":true,"showVisualEffectGraphs":true,"m_FxEnabled":true},"in2DMode":false,"pivot":{"x":222.60464477539063,"y":135.6565399169922,"z":-8.946296691894532},"rotation":{"x":-0.007499493192881346,"y":-0.010499774478375912,"z":-0.00007816254219505936,"w":0.9999203085899353},"size":158.35549926757813,"orthographic":true}