{"cameraMode":{"drawMode":0,"name":"Shaded","section":"Shading Mode"},"sceneLighting":true,"audioPlay":false,"sceneViewState":{"m_AlwaysRefresh":false,"showFog":true,"showSkybox":true,"showFlares":true,"showImageEffects":true,"showParticleSystems":true,"showVisualEffectGraphs":true,"m_FxEnabled":true},"in2DMode":false,"pivot":{"x":191.21881103515626,"y":173.44436645507813,"z":0.882354736328125},"rotation":{"x":0.0428759939968586,"y":0.020979125052690507,"z":-0.0009020437719300389,"w":0.9988653063774109},"size":193.71705627441407,"orthographic":true}